Personalnummer;Anrede;Vorname;Nachname;Geschlecht;Staatsangehoerigkeit;E-mail;Landercode;Telefon;Strasse;Hausnummer;Plz;Wohnort;Bundesland;Kontoinhaber;Iban;Kreditinstitut;Steueridentifikationsnummer;Steuerklasse;Krankenkasse;Versicherungsnummer;Beginn;Berufsbezeichnung;Abteilung
52;Herr;serdar;sadikoglu;männlich;Turkey;serdar.sadikoglu@student.techstarter.de;Deutschland;5165161562;naberstrasse ;25;89415;lauingen;Bayern;serdars;de666245546551;sparkasse;1566232331;4;barmer;4645321354561;2023-03-13;devops engineer;backend;
001;Herr;Abdurrahman;Yildirim;weiblich;Malta;yildirim.abdurrahman36@gmail.com;Deutschland;01739003445;Berliner Str.;84;xfbfn;teheh;Sachsen;Abdurrahman;zrjhrzjh;Abdurrahman Yildirim;ehtheh;3;rhgrwegh;tdhthbtr;2222-02-02;eth;zjhr;
0012;Herr;Abdurrahman;Yildirim;weiblich;Malta;yildirim.abdurrahman36@gmail.com;Deutschland;01739003445;Berliner Str.;84;xfbfn;teheh;Sachsen;Abdurrahman;zrjhrzjh;Abdurrahman Yildirim;ehtheh;3;rhgrwegh;tdhthbtr;2222-02-02;eth;zjhr;
backup;Herr;Abdurrahman;Yildirim;weiblich;Malta;yildirim.abdurrahman36@gmail.com;Deutschland;01739003445;Berliner Str.;84;xfbfn;teheh;Sachsen;Abdurrahman;zrjhrzjh;Abdurrahman Yildirim;ehtheh;3;rhgrwegh;tdhthbtr;2222-02-02;eth;zjhr;
backup 2;Herr;Abdurrahman;Yildirim;weiblich;Malta;yildirim.abdurrahman36@gmail.com;Deutschland;01739003445;Berliner Str.;84;xfbfn;teheh;Sachsen;Abdurrahman;zrjhrzjh;Abdurrahman Yildirim;ehtheh;3;rhgrwegh;tdhthbtr;2222-02-02;eth;zjhr;
backup son;Herr;Abdurrahman;Yildirim;weiblich;Malta;yildirim.abdurrahman36@gmail.com;Deutschland;01739003445;Berliner Str.;84;xfbfn;teheh;Sachsen;Abdurrahman;zrjhrzjh;Abdurrahman Yildirim;ehtheh;3;rhgrwegh;tdhthbtr;2222-02-02;eth;zjhr;
backup son;Herr;Abdurrahman;Yildirim;weiblich;Malta;yildirim.abdurrahman36@gmail.com;Deutschland;01739003445;Berliner Str.;84;xfbfn;teheh;Sachsen;Abdurrahman;zrjhrzjh;Abdurrahman Yildirim;ehtheh;3;rhgrwegh;tdhthbtr;2222-02-02;eth;zjhr;
22;Frau;mahmut;naber;weiblich;Italy;serdar.sadikoglu@student.techstarter.de;Kolumbien;5165161562;naberstrasse ;52;89415;berlin;Nordrhein-Westfalen;selam;de666245546551;vr-bank;1566232331;4;aok;4645321354561;2023-03-15;sanane;yok;
66;Frau;mahmut;naber;weiblich;Italy;serdar.sadikoglu@student.techstarter.de;Kolumbien;5165161562;naberstrasse ;52;89415;berlin;Nordrhein-Westfalen;selam;de666245546551;vr-bank;1566232331;4;aok;4645321354561;2023-03-15;sanane;yok;
1122;Herr;aaaa;sssss;männlich;Germany;aa@bb.cc;Deutschland;1111111111;aaaaaa;12;11111;aaaaaa;Baden-Württemberg;aaaa sssss;de232323232232;haaahh;21212121211;1;aaa;3232322332;2222-11-22;ddssdd;dsdsds;
1123;Herr;aaaa;sssss;männlich;Germany;aa@bb.cc;Deutschland;1111111111;aaaaaa;12;11111;aaaaaa;Baden-Württemberg;aaaa sssss;de232323232232;haaahh;21212121211;1;aaa;3232322332;2222-11-22;ddssdd;dsdsds;
1124;Herr;aaaa;sssss;männlich;Germany;aa@bb.cc;Deutschland;1111111111;aaaaaa;12;11111;aaaaaa;Baden-Württemberg;aaaa sssss;de232323232232;haaahh;21212121211;1;aaa;3232322332;2222-11-22;ddssdd;dsdsds;
1125;Herr;aaaa;sssss;männlich;Germany;aa@bb.cc;Deutschland;1111111111;aaaaaa;12;11111;aaaaaa;Baden-Württemberg;aaaa sssss;de232323232232;haaahh;21212121211;1;aaa;3232322332;2222-11-22;ddssdd;dsdsds;
1125;Herr;aaaa;sssss;männlich;Germany;aa@bb.cc;Deutschland;1111111111;aaaaaa;12;11111;aaaaaa;Baden-Württemberg;aaaa sssss;de232323232232;haaahh;21212121211;1;aaa;3232322332;2222-11-22;ddssdd;dsdsds;
11;Herr;aa;ss;männlich;Germany;a@b.c;Deutschland;1766666666;aaaaaa;11;11111;aaaaa;Baden-Württemberg;aaaaa;de11111111111111111111;aaaaaaa;aaaaaaaaaaaaaa;1;aaaaaaaaaaaa;aaaaaaaaaaaaaaa;2000-11-11;11111;11111;
32;Herr;asa;sasa;männlich;Italy;aa@b.c;USA;sasas;sasasa;sasa;sasasa;sasasa;Hessen;saasa;sasasa;saasa;saaasa;2;sasassa;asasasas;12121-12-12;1qwqwqqw;wqwqwq;
43;Herr;434334;4343343;männlich;Italy;aaa@ff.com;USA;2121212121;dsadsasa;3213;sdsdsa;dsadsd;Sachsen-Anhalt;dsasda;dsada;dsadsad;dsads;2;dsdasdsad;sdadssda;1211-12-12;dssdada;dsadd;
43;Herr;434334;4343343;männlich;Italy;aaa@ff.com;USA;2121212121;dsadsasa;3213;sdsdsa;dsadsd;Sachsen-Anhalt;dsasda;dsada;dsadsad;dsads;2;dsdasdsad;sdadssda;1211-12-12;dssdada;dsadd;
32;Herr;323;3232;männlich;Greece;a@b.ccc;Italien;dsdssd;dsadsa;dsada;dasdsd;dsadsa;Berlin;dsadss;saddsadaa;dsadsad;sadada;1;dsadsa;dsadsa;12112-12-12;dsadsd;dsadsadsa;
55;Herr;serdar;sadikoglu;männlich;France;serdar52@hotmail.fr;Frankreich;5165161562;hallostrasse ;52;83809;berlin;Mecklenburg-Vorpommern;serdars;de666245546551;vr-bank;1566232331;1;aok;4645321354561;2023-03-05;devops engineer;backend;
55;Herr;serdar;sadikoglu;männlich;France;serdar52@hotmail.fr;Frankreich;5165161562;hallostrasse ;52;83809;berlin;Mecklenburg-Vorpommern;serdars;de666245546551;vr-bank;1566232331;1;aok;4645321354561;2023-03-05;devops engineer;backend;
test abdu;Herr;Abdurrahman;Yildirim;männlich;Luxembourg;yildirim.abdurrahman36@gmail.com;Deutschland;01784498413;ttehteh;84;rgrg;Köln;Sachsen;tehe;rthrtheth;Abdurrahman Yildirim;etheth;4;teh;gdngdng;2222-02-02;gfndn;tehtehb;
test abdu;Herr;Abdurrahman;Yildirim;männlich;Luxembourg;yildirim.abdurrahman36@gmail.com;Deutschland;01784498413;ttehteh;84;rgrg;Köln;Sachsen;tehe;rthrtheth;Abdurrahman Yildirim;etheth;4;teh;gdngdng;2222-02-02;gfndn;tehtehb;
test abdu 2;Herr;Abdurrahman;Yildirim;männlich;Luxembourg;yildirim.abdurrahman36@gmail.com;Deutschland;01784498413;ttehteh;84;rgrg;Köln;Sachsen;tehe;rthrtheth;Abdurrahman Yildirim;etheth;4;teh;gdngdng;2222-02-02;gfndn;tehtehb;
